<?xml version="1.0" encoding="UTF-8"?>
<project xmlns="http://maven.apache.org/POM/4.0.0" xmlns:xsi="http://www.w3.org/2001/XMLSchema-instance" xsi:schemaLocation="http://maven.apache.org/POM/4.0.0 http://maven.apache.org/maven-v4_0_0.xsd">
  <modelVersion>4.0.0</modelVersion>
  <groupId>com.glarimy</groupId>
  <artifactId>jaxrs</artifactId>
  <packaging>war</packaging>
  <version>1</version>
  <developers>
    <developer>
      <name>Krishna Mohan Koyya</name>
      <email>krishna@glarimy.com</email>
      <organization>Glarimy Technology Services</organization>
      <organizationUrl>http://www.glarimy.com</organizationUrl>
    </developer>
  </developers>
  <build>
    <plugins>
      <plugin>
        <artifactId>maven-shade-plugin</artifactId>
        <version>2.3</version>
        <executions>
          <execution>
            <phase>package</phase>
            <goals>
              <goal>shade</goal>
            </goals>
            <configuration>
              <transformers>
                <transformer />
              </transformers>
              <filters>
                <filter>
                  <artifact>*:*</artifact>
                  <excludes>
                    <exclude>META-INF/*.SF</exclude>
                    <exclude>META-INF/*.DSA</exclude>
                    <exclude>META-INF/*.RSA</exclude>
                  </excludes>
                </filter>
              </filters>
            </configuration>
          </execution>
        </executions>
      </plugin>
      <plugin>
        <artifactId>maven-war-plugin</artifactId>
        <configuration>
          <outputDirectory>D:\Glarimy\Programs\tomcat\webapps</outputDirectory>
        </configuration>
      </plugin>
    </plugins>
  </build>
</project>

