<?xml version="1.0" encoding="UTF-8"?>
<!DOCTYPE log4j:configuration PUBLIC "-//APACHE//DTD LOG4J 1.2//EN" "http://logging.apache.org/log4j/1.2/apidocs/org/apache/log4j/xml/doc-files/log4j.dtd">
<log4j:configuration xmlns:log4j="http://jakarta.apache.org/log4j/" debug="false" threshold="null" reset="false">
   <appender name="CONSOLE" class="org.apache.log4j.ConsoleAppender">
      <layout class="org.apache.log4j.PatternLayout">
         <param name="ConversionPattern" value="[%d{dd/MM/yy hh:mm:ss:sss z}] %5p %c{2}: %m%n" />
      </layout>
   </appender>
   <appender name="ASYNC" class="org.apache.log4j.AsyncAppender">
      <appender-ref ref="CONSOLE" />
      <appender-ref ref="FILE" />
   </appender>
   <appender name="FILE" class="org.apache.log4j.DailyRollingFileAppender">
      <param name="File" value="log/logfile.log" />
      <param name="MaxFileSize" value="10MB" />
      <layout class="org.apache.log4j.PatternLayout">
         <param name="ConversionPattern" value="[%d{dd/MM/yy hh:mm:ss:sss z}] %5p %c{2}: %m%n" />
      </layout>
      <filter class="org.apache.log4j.varia.LevelMatchFilter">
         <param name="LevelToMatch" value="DEBUG" />
         <param name="AcceptOnMatch" value="true" />
      </filter>
      <filter class="org.apache.log4j.varia.LevelMatchFilter">
         <param name="LevelToMatch" value="ERROR" />
         <param name="AcceptOnMatch" value="true" />
      </filter>
      <filter class="org.apache.log4j.varia.LevelMatchFilter">
         <param name="LevelToMatch" value="WARN" />
         <param name="AcceptOnMatch" value="true" />
      </filter>
      <filter class="org.apache.log4j.varia.LevelMatchFilter">
         <param name="LevelToMatch" value="FATAL" />
         <param name="AcceptOnMatch" value="true" />
      </filter>
      <filter class="org.apache.log4j.varia.DenyAllFilter" />
   </appender>
   <root>
      <priority value="INFO" />
      <appender-ref ref="CONSOLE" />
      <appender-ref ref="FILE" />
   </root>
</log4j:configuration>

