<?xml version="1.0" encoding="utf-8"?>
<!DOCTYPE hibernate-configuration PUBLIC
"-//Hibernate/Hibernate Configuration DTD 3.0//EN"
"hibernate-configuration-3.0.dtd">
<hibernate-configuration>
    <session-factory>
        <property name="hibernate.connection.url">jdbc:mysql://localhost:3306/login</property>
        <property name="hibernate.connection.driver_class">com.mysql.jdbc.Driver</property>
        <property name="hibernate.connection.username">sqluser</property>
        <property name="hibernate.connection.password">sqluserpw</property>
        <property name="hibernate.dialect">org.hibernate.dialect.MySQLDialect</property>
        <property name="hibernate.current_session_context_class">thread</property>
<!-- <property name="hibernate.hbm2ddl.auto">create</property> -->
        <property name="hibernate.c3p0.min_size">5</property>
        <property name="hibernate.c3p0.max_size">100</property>
        <property name="hibernate.c3p0.timeout">0</property>
        <property name="hibernate.c3p0.max_statements">50</property>
        <property name="hibernate.c3p0.idle_test_period">0</property>
        <property name="show_sql">true</property>
        <mapping class="com.jeet.api.Devices" />
        <mapping class="com.jeet.api.Logins" />
        <mapping class="com.jeet.api.Tokens" />
    </session-factory>
</hibernate-configuration>
